{"metadata":{"asset_id":"1918b770-9da9-426c-a405-3a32efbcba23","asset_attributes":["notebook"],"name":"Hero of the Horde ","asset_type":"notebook","created_at":"2021-03-30T07:08:46Z","description":"Where do you fall in Hero of the Horde- \nRegion: US; Ladder: RBG;\nData Source: https://www.arenamate.net/;\nTopics: Leaderboard Stats and Rating Correlation, Player Rank Comparison (insert gamer tag), Leaderboard Distribution, Predicting Season End Rating;\nDedicated to my fiancé, Fiido\n","origin_country":"us","owner_id":"IBMid-550009DNXG","project_id":"435fc176-ad82-4af6-b6d2-cc3757c92f53","size":407016,"tags":["notebook"],"usage":{"last_update_time":1617090339095,"last_updated_at":"2021-03-30T07:45:39Z"}},"entity":{"notebook":{"kernel":{"name":"python3","display_name":"Python 3.7","language":"python"},"originates_from":{"type":"blank"},"runtime":{"environment":"conda2py37-435fc176-ad82-4af6-b6d2-cc3757c92f53"}}},"attachments":[{"id":"6b556bb6-4fda-4134-9e9a-34c222fae1a9","version":2,"asset_type":"notebook","name":"attachment for notebook 1918b770-9da9-426c-a405-3a32efbcba23","description":"attachment for notebook 1918b770-9da9-426c-a405-3a32efbcba23","mime":"application/json","datasource_type":"193a97c1-4475-4a19-b90c-295c4fdc6517","object_key":"notebook/Hero_of_the_Horde__iafF6Zv72.ipynb","creator_id":"IBMid-550009DNXG","create_time":1617088126700,"size":407016,"is_remote":false,"is_managed":false,"is_referenced":true,"is_object_key_read_only":false,"is_user_provided_path_key":true,"transfer_complete":true,"is_partitioned":false,"complete_time_ticks":1617088126700,"user_data":{},"test_doc":0,"handle":{"bucket":"wowheroofthehorde-donotdelete-pr-x15una2aexsec3","location":"us-geo","key":"notebook/Hero_of_the_Horde__iafF6Zv72.ipynb","upload_id":"done","max_part_num":1},"usage":{"access_count":0,"last_accessor_id":"IBMid-550009DNXG","last_access_time":1617088126700}}]}
